,path,class_id,vectorize
0,marvel/0001/001.jpg,0,[0.         0.09747992 0.02680557 ... 0.02973913 2.3769917  0.        ]
1,marvel/0001/002.jpg,0,[0.         0.01042177 0.2375723  ... 0.22190073 3.370519   0.        ]
2,marvel/0001/003.jpg,0,[0.         0.0244133  0.64712894 ... 0.36021498 0.12484319 0.        ]
3,marvel/0001/004.jpg,0,[0.00794567 0.         0.06715329 ... 0.06718874 1.1593716  0.        ]
4,marvel/0001/005.jpg,0,[0.         0.         0.56725615 ... 0.41593975 0.10761382 0.        ]
5,marvel/0001/006.jpg,0,[0.0130393  0.08605503 0.24218269 ... 0.01525418 0.21102333 0.        ]
6,marvel/0001/007.jpg,0,[0.         0.0081197  0.65912634 ... 0.00958587 0.15376318 0.        ]
7,marvel/0001/008.jpg,0,[0.00761326 0.00404459 0.04658298 ... 0.16144545 1.1882999  0.00579926]
8,marvel/0001/009.jpg,0,[0.         0.00266731 0.22582829 ... 0.6512926  0.76680917 0.03497873]
9,marvel/0001/010.jpg,0,[0.         0.00536633 0.62108195 ... 0.00216194 1.3892485  0.48290867]
10,marvel/0002/001.jpg,1,[0.         0.03325922 0.05559234 ... 0.08026478 1.3256743  0.        ]
11,marvel/0002/002.jpg,1,[0.00330823 0.05347178 0.01239008 ... 0.1454809  1.2298908  0.        ]
12,marvel/0002/003.jpg,1,[0.         0.33536795 0.11181789 ... 1.0026369  0.3143716  0.        ]
13,marvel/0002/004.jpg,1,[0.03412959 0.04762276 0.0505968  ... 0.6995356  0.5908493  0.        ]
14,marvel/0002/005.jpg,1,[0.         0.04624441 0.03775087 ... 0.80586517 1.3617654  0.        ]
15,marvel/0002/006.jpg,1,[0.         0.09706373 0.00597413 ... 0.2493267  0.15051171 0.        ]
16,marvel/0002/007.jpg,1,[0.00214159 0.00197541 0.04485413 ... 0.9853319  1.3292309  0.        ]
17,marvel/0002/008.jpg,1,[0.         0.         0.01851274 ... 0.30126512 2.4462147  0.        ]
18,marvel/0002/009.jpg,1,[0.         0.         0.05133473 ... 0.17785951 2.2731628  0.5686641 ]
19,marvel/0002/010.jpg,1,[0.         0.         0.02685329 ... 0.67977417 0.84059644 0.        ]
20,marvel/0003/001.jpg,2,[0.         0.04119996 1.134439   ... 1.198297   2.3930724  0.        ]
21,marvel/0003/002.jpg,2,[0.         0.0162291  0.46151593 ... 0.79329854 1.8076293  0.        ]
22,marvel/0003/003.jpg,2,[0.         0.03194642 0.52585316 ... 0.33190945 2.0589194  0.        ]
23,marvel/0003/004.jpg,2,[0.3066891  0.16633923 0.08404631 ... 1.445055   0.2833762  0.        ]
24,marvel/0003/005.jpg,2,[0.         0.03371998 0.01677628 ... 1.0740314  1.1479336  0.        ]
25,marvel/0003/006.jpg,2,[0.00638837 0.         0.23549996 ... 0.87818086 0.5462834  0.00498877]
26,marvel/0003/007.jpg,2,[0.        0.        0.        ... 0.7436867 1.663936  0.       ]
27,marvel/0003/008.jpg,2,[0.         0.         0.09603066 ... 1.4535921  1.6140014  0.        ]
28,marvel/0003/009.jpg,2,[0.         0.00383241 0.19152959 ... 0.8398593  2.139076   1.3794808 ]
29,marvel/0003/010.jpg,2,[0.         0.         0.06137025 ... 1.123031   0.23725376 0.21850823]
30,marvel/0004/001.jpg,3,[0.         0.0328606  1.0249114  ... 0.54144746 1.7890629  0.        ]
31,marvel/0004/002.jpg,3,[0.         0.06295042 0.6214205  ... 0.3180985  2.835392   0.        ]
32,marvel/0004/003.jpg,3,"[1.0359142e-03 5.8303173e-03 9.9495769e-02 ... 2.1222197e-01 1.3614386e+00
 0.0000000e+00]"
33,marvel/0004/004.jpg,3,[0.         0.02033356 0.11276504 ... 0.7696721  1.5209532  0.        ]
34,marvel/0004/005.jpg,3,[0.         0.09770705 0.00278198 ... 0.5041202  1.3634093  0.        ]
35,marvel/0004/006.jpg,3,[0.         0.         0.         ... 0.06389114 2.2134967  0.        ]
36,marvel/0004/007.jpg,3,[0.         0.01508884 0.06842823 ... 0.3776262  1.7635174  0.        ]
37,marvel/0004/008.jpg,3,[0.         0.         0.00600673 ... 0.52092516 1.4474441  0.03362443]
38,marvel/0004/009.jpg,3,"[2.2547586e-04 0.0000000e+00 0.0000000e+00 ... 0.0000000e+00 2.2861698e+00
 5.0837342e-02]"
39,marvel/0004/010.jpg,3,"[0.0000000e+00 2.2610645e-03 9.7350216e-01 ... 2.8650433e-01 2.5393829e+00
 1.5702678e-01]"
40,star-wars/0001/001.jpg,4,[0.02545363 0.15536894 0.         ... 0.30699697 0.02551754 0.03978622]
41,star-wars/0001/002.jpg,4,[0.2989365  0.08806178 0.13344431 ... 0.5827262  1.0390182  0.        ]
42,star-wars/0001/003.jpg,4,[0.         0.06316964 0.2289639  ... 0.12085784 0.16948378 0.        ]
43,star-wars/0001/004.jpg,4,[0.07236716 0.01120643 0.         ... 0.7571146  0.85952526 0.        ]
44,star-wars/0001/005.jpg,4,[0.2782232  0.3276693  0.05452771 ... 1.15929    0.07851416 0.        ]
45,star-wars/0001/006.jpg,4,[0.         0.         0.21796934 ... 0.19698925 0.6483008  0.22553992]
46,star-wars/0001/007.jpg,4,[0.0037332  0.02892442 0.0661539  ... 0.4376045  0.2372533  0.9334209 ]
47,star-wars/0001/008.jpg,4,[0.05928132 0.00636644 0.09699029 ... 0.01738969 0.44735968 0.        ]
48,star-wars/0001/009.jpg,4,[0.         0.0252872  0.01277523 ... 0.         0.1030582  0.        ]
49,star-wars/0001/010.jpg,4,[0.         0.5642951  0.08604649 ... 0.19678575 2.4022875  0.        ]
50,star-wars/0001/011.jpg,4,[0.         0.02469423 0.00538522 ... 0.         1.8491535  0.        ]
51,star-wars/0001/012.jpg,4,[0.015848   0.         0.03931353 ... 0.14919938 0.00410079 0.        ]
52,star-wars/0002/001.jpg,5,[0.         0.02000534 0.         ... 1.0377244  1.7423015  0.        ]
53,star-wars/0002/002.jpg,5,[0.02092893 0.13116033 0.08508838 ... 0.7775773  0.53710777 0.        ]
54,star-wars/0002/003.jpg,5,[0.01165865 0.         0.14719084 ... 0.0681557  0.33777    0.        ]
55,star-wars/0002/004.jpg,5,[0.01625806 0.23044649 0.00144314 ... 1.2629732  0.0725354  0.        ]
56,star-wars/0002/005.jpg,5,"[4.7148489e-05 5.0355211e-02 2.7887156e-02 ... 1.6732564e+00 1.0965636e-01
 2.3252831e-01]"
57,star-wars/0002/006.jpg,5,[0.02490856 0.         0.01701882 ... 0.06102864 1.9563277  1.0716578 ]
58,star-wars/0002/007.jpg,5,[0.         0.         0.         ... 0.41279906 0.7268544  0.03669106]
59,star-wars/0002/008.jpg,5,[0.00221746 0.08463097 0.05953331 ... 0.08864174 1.2738097  0.        ]
60,star-wars/0002/009.jpg,5,[0.         0.0241715  0.04383194 ... 0.7090278  1.5089351  0.        ]
61,star-wars/0002/010.jpg,5,[0.         0.0069222  0.         ... 0.12056671 0.         0.        ]
62,star-wars/0002/011.jpg,5,[0.         0.         0.02361323 ... 1.1219835  2.1143901  0.        ]
63,star-wars/0002/012.jpg,5,[0.         0.0168942  0.01141953 ... 0.00120188 0.         0.        ]
64,star-wars/0003/001.jpg,6,[0.06459109 0.00891672 0.0801828  ... 0.3457759  0.5178605  0.14379783]
65,star-wars/0003/002.jpg,6,[0.         0.0170565  0.03299756 ... 0.10377098 0.20483077 0.        ]
66,star-wars/0003/003.jpg,6,[0.         0.04483476 0.         ... 0.18867835 0.03947905 0.        ]
67,star-wars/0003/004.jpg,6,[0.         0.02459493 0.         ... 0.12084305 0.         0.3152407 ]
68,star-wars/0003/005.jpg,6,[0.         0.01827876 0.01032236 ... 0.02084189 1.8500152  0.4882889 ]
69,star-wars/0003/006.jpg,6,[0.00936613 0.         0.02027033 ... 0.00047331 0.01878582 0.42364743]
70,star-wars/0003/007.jpg,6,[0.         0.         0.         ... 0.28377548 0.47222266 0.        ]
71,star-wars/0003/008.jpg,6,[0.         0.34702462 0.         ... 0.5084162  0.5564878  0.        ]
72,star-wars/0003/009.jpg,6,[0.         0.14498961 0.         ... 0.04918371 0.7301859  0.        ]
73,star-wars/0003/010.jpg,6,[0.         0.         0.01138428 ... 0.08332557 0.08202183 0.        ]
74,star-wars/0003/011.jpg,6,[0.         0.01896749 0.00032404 ... 0.         0.30277318 0.        ]
75,star-wars/0003/012.jpg,6,[0.00602279 0.         0.         ... 0.01607671 0.         0.        ]
76,star-wars/0004/001.jpg,7,[0.13322349 0.         0.10623138 ... 0.35004064 0.16112666 0.        ]
77,star-wars/0004/002.jpg,7,[0.00704441 0.01355358 0.28488088 ... 0.06952464 0.44348776 0.        ]
78,star-wars/0004/003.jpg,7,[0.         0.         0.00824913 ... 0.00192925 0.         0.        ]
79,star-wars/0004/004.jpg,7,[0.         0.         0.09718352 ... 0.1573443  0.11286706 0.03401941]
80,star-wars/0004/005.jpg,7,[0.         0.         0.03139336 ... 1.1180978  0.03517923 0.        ]
81,star-wars/0004/006.jpg,7,[0.         0.00281577 0.1733542  ... 0.3970355  0.07250512 0.        ]
82,star-wars/0004/007.jpg,7,[0.01298796 0.01578656 0.         ... 0.9755454  0.         0.        ]
83,star-wars/0004/008.jpg,7,[0.         0.0030054  0.         ... 0.         0.02639172 0.16293576]
84,star-wars/0004/009.jpg,7,[0.         0.         0.04665524 ... 0.06430593 0.07408399 0.        ]
85,star-wars/0004/010.jpg,7,[0. 0. 0. ... 0. 0. 0.]
86,star-wars/0004/011.jpg,7,[0.         0.         0.23120253 ... 0.4848883  0.40338355 0.05965196]
87,star-wars/0005/001.jpg,8,[0.         0.         0.2632974  ... 0.03491708 0.         0.        ]
88,star-wars/0005/002.jpg,8,[0.00245467 0.         0.02282859 ... 0.00235332 0.         0.07228919]
89,star-wars/0005/003.jpg,8,[0.         0.         0.         ... 0.04907852 0.00128439 0.        ]
90,star-wars/0005/004.jpg,8,[0.06774995 0.00188884 0.01986562 ... 0.07667148 0.08820684 0.07672803]
91,star-wars/0005/005.jpg,8,[0.00304968 0.0014687  0.         ... 0.1770151  0.045058   0.        ]
92,star-wars/0005/006.jpg,8,[0.01717636 0.         0.03560759 ... 0.01699773 0.0098183  0.        ]
93,star-wars/0005/007.jpg,8,[0.         0.04412024 0.         ... 0.         0.         0.        ]
94,star-wars/0005/008.jpg,8,[0.         0.         0.         ... 0.07971373 0.         0.        ]
95,star-wars/0005/009.jpg,8,[0.         0.         0.08796513 ... 0.         0.         0.        ]
96,star-wars/0005/010.jpg,8,[0.07309679 0.0483644  0.06959847 ... 0.         0.04244075 0.        ]
97,star-wars/0005/011.jpg,8,[0.         0.         0.00571784 ... 0.04407734 0.         0.        ]
98,star-wars/0005/012.jpg,8,[0.         0.02830066 0.07307768 ... 0.         0.11827224 0.        ]
99,star-wars/0006/001.jpg,9,[0.         0.         0.01502925 ... 0.00715499 0.         0.        ]
100,star-wars/0006/002.jpg,9,[0.19624183 0.         0.         ... 0.         0.07442081 0.        ]
101,star-wars/0006/003.jpg,9,[0.00095039 0.         0.02312972 ... 0.07765682 0.         0.        ]
102,star-wars/0006/004.jpg,9,[0.5863761  0.43528184 0.         ... 0.11347885 0.         0.        ]
103,star-wars/0006/005.jpg,9,[0.03881462 0.01032072 0.         ... 0.         0.08773741 0.        ]
104,star-wars/0006/006.jpg,9,[0.03272613 0.         0.         ... 0.00168683 0.0012612  0.        ]
105,star-wars/0006/007.jpg,9,[0.16372502 0.1381731  0.         ... 0.         0.01657948 0.        ]
106,star-wars/0006/008.jpg,9,[0.10676118 0.00299847 0.         ... 0.         0.00623617 0.        ]
107,star-wars/0007/001.jpg,10,[0.        0.        0.        ... 0.1020148 0.        0.       ]
108,star-wars/0007/002.jpg,10,[0.00546399 0.         0.         ... 0.         0.         0.        ]
109,star-wars/0007/003.jpg,10,[0.06077627 0.00609777 0.0104395  ... 0.18458612 0.         0.07387215]
110,star-wars/0007/004.jpg,10,[0.         0.         0.         ... 0.13948587 0.20815653 0.        ]
111,star-wars/0007/005.jpg,10,[0.014411   0.02977496 0.03377892 ... 0.42526937 0.03312483 0.        ]
112,star-wars/0007/006.jpg,10,[0.         0.01538327 0.         ... 0.0174643  0.43149427 0.13443421]
113,star-wars/0007/007.jpg,10,[0.00363962 0.         0.         ... 0.20313627 0.06411978 0.        ]
114,star-wars/0008/001.jpg,11,[0.         0.09739619 0.         ... 0.19146614 0.         0.        ]
115,star-wars/0008/002.jpg,11,[0.0239243  0.00910543 0.         ... 0.05195672 0.01035628 0.        ]
116,star-wars/0008/003.jpg,11,[0.         0.         0.09432323 ... 0.80469275 0.         0.02962037]
117,star-wars/0008/004.jpg,11,[0.08292943 0.02583368 0.         ... 1.2413975  0.         0.        ]
118,star-wars/0008/005.jpg,11,[0.         0.02074024 0.05384407 ... 1.584516   0.41877708 0.04648531]
119,star-wars/0008/006.jpg,11,[0.03611512 0.02552965 0.02607143 ... 0.29136992 0.10381905 0.        ]
120,star-wars/0008/007.jpg,11,[0.05046545 0.02678735 0.         ... 0.29788935 0.10064331 0.        ]
121,star-wars/0009/001.jpg,12,[0. 0. 0. ... 0. 0. 0.]
122,star-wars/0009/002.jpg,12,[0.         0.00699174 0.01696048 ... 0.02211997 0.         0.        ]
123,star-wars/0009/003.jpg,12,[0.         0.00869704 0.         ... 0.19043742 0.         0.        ]
124,star-wars/0009/004.jpg,12,[0.         0.         0.02022587 ... 0.10459198 0.3757973  0.20354724]
125,star-wars/0009/005.jpg,12,[0.10631931 0.00771067 0.23320329 ... 0.01216326 0.08981823 0.        ]
126,star-wars/0009/006.jpg,12,[0.13416207 0.000303   0.         ... 0.00383601 0.13964386 0.        ]
127,star-wars/0009/007.jpg,12,[0.10022291 0.         0.         ... 0.01587015 0.         0.        ]
128,star-wars/0010/001.jpg,13,[0.05337029 0.00838502 0.13773    ... 0.         0.         0.        ]
129,star-wars/0010/002.jpg,13,[0.         0.04210847 0.         ... 0.00815168 0.         0.        ]
130,star-wars/0010/003.jpg,13,[0.01599513 0.00128238 0.         ... 0.06695249 0.         0.        ]
131,star-wars/0010/004.jpg,13,[0.0306117  0.         0.08950134 ... 0.23431179 0.23835377 0.10489003]
132,star-wars/0010/005.jpg,13,[0.0147635  0.02037212 0.16507378 ... 1.4426408  0.764167   0.        ]
133,star-wars/0010/006.jpg,13,[0.28611308 0.03050658 0.         ... 0.09097589 0.17534085 0.0071689 ]
134,star-wars/0010/007.jpg,13,[0.00337685 0.0094826  0.00259532 ... 0.14378533 0.         0.        ]
135,marvel/0005/001.jpg,14,[0.         0.0177769  0.         ... 0.01267418 0.00506347 0.        ]
136,marvel/0005/002.jpg,14,[0.02504243 0.06173538 0.00063729 ... 0.13638172 0.         0.6252404 ]
137,marvel/0005/003.jpg,14,[0.         0.00495241 0.11188494 ... 0.         0.76062053 0.        ]
138,marvel/0005/004.jpg,14,[0.00088793 0.07320548 0.         ... 0.         0.         0.        ]
139,marvel/0005/005.jpg,14,[0.         0.06661199 0.         ... 0.3039993  0.         0.        ]
140,marvel/0005/006.jpg,14,[0.0101317  0.24347395 0.         ... 0.05185668 0.         0.        ]
141,marvel/0005/007.jpg,14,[0.06923781 0.06486626 0.         ... 0.12623222 0.         0.        ]
142,marvel/0005/008.jpg,14,[0.         0.23063366 0.         ... 0.48050255 0.         0.        ]
143,marvel/0006/001.jpg,15,[0.07532229 0.05043678 0.         ... 0.6240835  0.         0.        ]
144,marvel/0006/002.jpg,15,[0.         0.00599472 0.         ... 0.43901205 0.15458877 0.        ]
145,marvel/0006/003.jpg,15,[0.         0.         0.         ... 0.35657796 0.86074686 0.        ]
146,marvel/0006/004.jpg,15,[0.         0.         0.00225523 ... 0.38264927 0.         0.        ]
147,marvel/0006/005.jpg,15,[0.         0.01661429 0.         ... 0.43614173 0.00417566 0.        ]
148,marvel/0006/006.jpg,15,[0.0035207  0.23948258 0.03759424 ... 0.28309003 0.         0.        ]
149,marvel/0006/007.jpg,15,[0.02762628 0.         0.         ... 0.20395653 0.         0.        ]
150,marvel/0006/008.jpg,15,[0.         0.         0.         ... 0.11394564 0.         0.        ]
151,marvel/0007/001.jpg,16,[0.14351493 0.25958785 0.01687282 ... 0.15665759 0.12634537 0.        ]
152,marvel/0007/002.jpg,16,[0.43105006 0.11295938 0.         ... 1.0021101  0.         0.        ]
153,marvel/0007/003.jpg,16,[0.00466265 0.313021   0.         ... 0.04308743 0.         0.01310256]
154,marvel/0007/004.jpg,16,[0.00480136 0.00510189 0.         ... 0.00959378 0.         0.        ]
155,marvel/0007/005.jpg,16,[0.03910531 0.         0.2495735  ... 0.00692517 0.         0.        ]
156,marvel/0007/006.jpg,16,[0.         0.         0.01817787 ... 0.21423052 0.         0.        ]
157,marvel/0007/007.jpg,16,[0.03633491 0.14768773 0.         ... 0.         0.01505299 0.        ]
158,marvel/0007/008.jpg,16,[0.         0.00883507 0.11813647 ... 0.         0.02610522 0.        ]
159,harry-potter/0001/001.jpg,17,[0.08620849 0.00450691 0.00733926 ... 0.0097066  1.0761542  0.03382916]
160,harry-potter/0001/002.jpg,17,[0.         0.3711853  0.         ... 0.83129764 0.11418062 0.06576606]
161,harry-potter/0001/003.jpg,17,[0.08719318 0.2528253  0.         ... 1.3091383  0.30250233 0.        ]
162,harry-potter/0001/004.jpg,17,[0.0656526  0.03132787 0.02645701 ... 1.1215414  0.         0.        ]
163,harry-potter/0001/005.jpg,17,[0.         0.         0.04825436 ... 0.36415592 0.05604278 0.        ]
164,harry-potter/0001/006.jpg,17,[0.09102476 0.         0.         ... 0.2862277  0.17396817 0.00046879]
165,harry-potter/0001/007.jpg,17,[0.         0.         0.15435459 ... 0.00301336 0.0136254  0.        ]
166,harry-potter/0001/008.jpg,17,[0.02050624 0.         0.         ... 0.13760868 0.03853668 0.        ]
167,harry-potter/0001/009.jpg,17,[0.00591111 0.         0.         ... 1.2562041  0.         0.        ]
168,harry-potter/0001/010.jpg,17,"[2.3349995e-02 4.5737443e-06 0.0000000e+00 ... 2.9402527e-01 0.0000000e+00
 0.0000000e+00]"
169,harry-potter/0001/011.jpg,17,[0.         0.         0.01362061 ... 0.4768806  0.6551608  0.11068675]
170,harry-potter/0002/001.jpg,18,[0.19097526 0.         0.         ... 0.47247773 0.28142706 0.0282361 ]
171,harry-potter/0002/002.jpg,18,[0.         0.20585613 0.04153953 ... 0.5482005  0.06940873 0.19780219]
172,harry-potter/0002/003.jpg,18,[0.37595308 0.         0.1487086  ... 0.60091484 0.02356216 0.11087646]
173,harry-potter/0002/004.jpg,18,"[0.0000000e+00 1.1809991e-04 0.0000000e+00 ... 6.1204445e-01 2.0003529e-01
 0.0000000e+00]"
174,harry-potter/0002/005.jpg,18,"[0.0000000e+00 1.6705564e-01 5.2067699e-05 ... 4.1879043e-01 0.0000000e+00
 0.0000000e+00]"
175,harry-potter/0002/006.jpg,18,[0.         0.         0.01490154 ... 0.26567402 0.32627702 0.        ]
176,harry-potter/0002/007.jpg,18,[0.         0.         0.         ... 0.83464533 0.         0.        ]
177,harry-potter/0002/008.jpg,18,[0.02388338 0.         0.         ... 0.4868117  0.04117999 0.        ]
178,harry-potter/0002/009.jpg,18,[0.00178973 0.21779269 0.07872676 ... 0.37494206 0.19332494 0.        ]
179,harry-potter/0002/010.jpg,18,[0.         0.02450474 0.         ... 1.2047871  0.02097181 0.        ]
180,harry-potter/0002/011.jpg,18,[0.02200252 0.00645521 0.03714085 ... 1.0028982  0.36551294 0.02788144]
181,marvel/0008/001.jpg,19,[0.         0.         0.         ... 0.         0.00084796 0.        ]
182,marvel/0008/002.jpg,19,[0.05085907 0.02984845 0.         ... 0.5892806  0.         0.        ]
183,marvel/0008/003.jpg,19,[0.02185878 0.02618955 0.04406314 ... 0.75679076 0.         0.23845997]
184,marvel/0008/004.jpg,19,[0.58056647 0.03120058 0.         ... 0.16366045 0.         0.        ]
185,marvel/0008/005.jpg,19,[0.7124662  0.03767253 0.         ... 0.54752177 0.         0.        ]
186,marvel/0008/006.jpg,19,[0.26087606 0.04540811 0.         ... 0.01163149 0.031386   0.00250639]
187,marvel/0008/007.jpg,19,[0.31527886 0.06021144 0.01078185 ... 0.08368739 0.03273703 0.6420833 ]
188,marvel/0008/008.jpg,19,[0.15598348 0.00741973 0.         ... 0.3294276  0.00738659 0.13676375]
189,marvel/0008/009.jpg,19,[0.16459219 0.         0.01444217 ... 0.00757764 0.27605948 0.        ]
190,marvel/0008/010.jpg,19,[0.         0.00170089 0.         ... 0.07171059 0.1888141  0.        ]
191,marvel/0008/011.jpg,19,[0.         0.         0.3815676  ... 0.11322053 0.10854468 0.        ]
192,marvel/0009/001.jpg,20,[0.02433736 0.         0.         ... 0.05960343 0.05295584 0.        ]
193,marvel/0009/002.jpg,20,[0.         0.00604645 0.02861757 ... 0.94412965 0.00106875 0.        ]
194,marvel/0009/003.jpg,20,[0.         0.         0.         ... 0.15299024 0.3966169  0.        ]
195,marvel/0009/004.jpg,20,[0.1808457  0.24405836 0.         ... 0.7949362  0.01769354 0.        ]
196,marvel/0009/005.jpg,20,[0.08280952 0.05039834 0.         ... 0.00824084 0.         0.03034052]
197,marvel/0009/006.jpg,20,[0.23001613 0.         0.         ... 1.259743   0.0126615  0.        ]
198,marvel/0009/007.jpg,20,[0.05851081 0.02903705 0.00540866 ... 0.         0.10885862 0.        ]
199,marvel/0009/008.jpg,20,[0.         0.10868722 0.         ... 0.3038612  0.         0.        ]
200,marvel/0009/009.jpg,20,[0.         0.         0.01901255 ... 0.03303077 0.         0.        ]
201,marvel/0009/010.jpg,20,[0.0159194  0.0378251  0.07204125 ... 0.2822118  0.         0.        ]
202,marvel/0009/011.jpg,20,[0.         0.01573775 0.         ... 0.29868576 0.         0.        ]
203,marvel/0010/001.jpg,21,[0.01264179 0.00294197 0.01033427 ... 0.10905114 0.         0.        ]
204,marvel/0010/002.jpg,21,[0.         0.         0.         ... 0.01239228 0.         0.        ]
205,marvel/0010/003.jpg,21,[0.         0.09966525 0.00855779 ... 0.02025009 0.         0.        ]
206,marvel/0010/004.jpg,21,[0.00026969 0.         0.         ... 0.         0.         0.        ]
207,marvel/0010/005.jpg,21,[0.15294705 0.04622014 0.         ... 0.         0.06939348 0.        ]
208,marvel/0010/006.jpg,21,[0.         0.         0.00368593 ... 0.         0.5492445  0.        ]
209,marvel/0010/007.jpg,21,[0.031032   0.05055755 0.00155609 ... 0.05213128 0.67162347 0.01614661]
210,marvel/0010/008.jpg,21,[0.00015826 0.02544518 0.         ... 0.         0.05515151 0.        ]
211,marvel/0010/009.jpg,21,[0.         0.02204132 0.         ... 0.00484498 0.         0.21311921]
212,marvel/0010/010.jpg,21,[0.         0.00109083 0.         ... 0.0187698  0.42203203 0.        ]
213,marvel/0010/011.jpg,21,[0.00016897 0.03930281 0.05695399 ... 0.01456718 0.13738862 0.        ]
214,marvel/0011/001.jpg,22,[0.1525556  0.41004923 0.         ... 0.262941   0.         0.18203849]
215,marvel/0011/002.jpg,22,[0.         0.04228119 0.04627421 ... 0.51354015 0.00673496 0.        ]
216,marvel/0011/003.jpg,22,[0.         0.06868372 0.0059562  ... 0.5015583  0.01625944 0.        ]
217,marvel/0011/004.jpg,22,[0.04007778 0.12032396 0.         ... 0.10113198 0.00632117 0.        ]
218,marvel/0011/005.jpg,22,[0.         0.09671271 0.9475945  ... 0.00402347 0.         0.0182587 ]
219,marvel/0011/006.jpg,22,[0.03549615 0.02357779 0.         ... 0.12453474 0.18738137 0.7343437 ]
220,marvel/0011/007.jpg,22,[0.         0.         0.00934533 ... 0.11614227 0.02789732 0.        ]
221,marvel/0011/008.jpg,22,[0.         0.04679077 0.         ... 0.12524587 0.         0.        ]
222,marvel/0011/009.jpg,22,[0.01023392 0.01083427 0.00730606 ... 0.         0.         0.10280399]
223,marvel/0011/010.jpg,22,[0.         0.00095422 0.         ... 0.52861667 0.         0.19405583]
224,marvel/0012/001.jpg,23,[0.68019086 0.00302021 0.00346725 ... 0.02748186 0.00729379 0.        ]
225,marvel/0012/002.jpg,23,[0.14130394 0.02507241 0.         ... 0.04359131 0.         0.        ]
226,marvel/0012/003.jpg,23,[0.         0.19855444 0.11462266 ... 0.         0.23353717 0.56232345]
227,marvel/0012/004.jpg,23,[0.42651227 0.36217433 0.         ... 0.07397416 0.01751108 0.        ]
228,marvel/0012/005.jpg,23,[0.48282352 0.08155858 0.         ... 0.31186384 0.05024921 0.2838283 ]
229,marvel/0012/006.jpg,23,[0.7105794  0.04388599 0.         ... 0.06598061 0.         0.09186593]
230,marvel/0012/007.jpg,23,[0.02316548 0.04799208 0.         ... 0.5129645  0.         0.        ]
231,marvel/0012/008.jpg,23,[0.01339245 0.06706682 0.00580474 ... 0.38401133 0.         0.        ]
232,marvel/0012/009.jpg,23,[0.05904877 0.32935026 0.         ... 0.         0.01251687 0.        ]
233,marvel/0012/010.jpg,23,[0.01790645 0.06330856 0.         ... 0.09415149 0.         0.        ]
234,marvel/0013/001.jpg,24,[0.1303212  0.23045896 0.         ... 0.32790637 0.03167298 0.        ]
235,marvel/0013/002.jpg,24,[0.11718231 0.         0.         ... 0.334522   0.03005611 0.        ]
236,marvel/0013/003.jpg,24,"[2.2610556e-01 5.0725318e-02 7.6391261e-05 ... 5.1432192e-02 0.0000000e+00
 1.3866357e-02]"
237,marvel/0013/004.jpg,24,[0.00207681 0.04788742 0.         ... 0.10788622 0.         0.        ]
238,marvel/0013/005.jpg,24,[0.         0.1685992  0.         ... 0.00283469 0.01379485 0.        ]
239,marvel/0013/006.jpg,24,[0.         0.         0.         ... 0.48646405 0.         0.        ]
240,marvel/0013/007.jpg,24,[0.         0.         0.         ... 0.04136807 0.         0.        ]
241,marvel/0013/008.jpg,24,[0.03639328 0.0333744  0.         ... 0.4352212  0.         0.        ]
242,marvel/0013/009.jpg,24,[0.0640894  0.07193062 0.01691509 ... 0.00835683 0.11934339 0.        ]
243,marvel/0013/010.jpg,24,[0.         0.00035932 0.         ... 0.         0.01821036 0.        ]
244,jurassic-world/0001/001.jpg,25,[0.         0.         0.15362845 ... 0.19827384 0.06067225 0.1330722 ]
245,jurassic-world/0001/002.jpg,25,[0.20416003 0.23309448 0.00897384 ... 0.14724949 0.79759294 0.8683912 ]
246,jurassic-world/0001/003.jpg,25,[0.         0.         0.00476733 ... 0.06731424 0.00299351 0.        ]
247,jurassic-world/0001/004.jpg,25,[0.00873817 0.44936642 0.         ... 0.79631543 0.23273966 0.32741252]
248,jurassic-world/0001/005.jpg,25,[0.08294096 0.02145571 0.03991944 ... 0.02652039 0.11667736 0.        ]
249,jurassic-world/0001/006.jpg,25,[0.         0.10335492 0.20534809 ... 0.42269897 0.20126426 0.17157613]
250,jurassic-world/0001/007.jpg,25,[0.07028309 0.04203423 0.4780732  ... 0.3851833  0.22864264 0.01201186]
251,jurassic-world/0001/008.jpg,25,[0.         0.00611607 0.21215981 ... 0.78939235 0.         0.        ]
252,jurassic-world/0001/009.jpg,25,[0.         0.01325298 0.08905341 ... 0.36052585 0.         0.        ]
253,jurassic-world/0001/010.jpg,25,[0.00515008 0.         0.12158205 ... 0.4559564  0.01071823 0.        ]
254,jurassic-world/0001/011.jpg,25,[0.         0.         0.12148177 ... 0.16173697 0.10636975 0.        ]
255,jurassic-world/0001/012.jpg,25,[0.         0.         0.00692683 ... 0.         0.         0.        ]
256,jurassic-world/0002/001.jpg,26,"[3.3421274e-02 7.9899537e-04 0.0000000e+00 ... 1.6536337e+00 2.2937594e-01
 0.0000000e+00]"
257,jurassic-world/0002/002.jpg,26,[0.03115234 0.06178759 0.01264658 ... 0.         0.         0.        ]
258,jurassic-world/0002/003.jpg,26,[0.         0.         0.         ... 0.16036534 0.         0.20072497]
259,jurassic-world/0002/004.jpg,26,[0.01708771 0.02267139 0.         ... 0.06485373 0.23841214 0.7942465 ]
260,jurassic-world/0002/005.jpg,26,[0.07480042 0.18344137 0.         ... 0.63000506 0.         0.10789797]
261,jurassic-world/0002/006.jpg,26,[0.00732968 0.01950367 0.         ... 0.32314515 0.         1.0324537 ]
262,jurassic-world/0002/007.jpg,26,[0.00259504 0.14267482 0.         ... 0.6991249  0.         0.        ]
263,jurassic-world/0002/008.jpg,26,[0.16117704 0.25311315 0.         ... 0.8415144  0.00518591 0.        ]
264,jurassic-world/0002/009.jpg,26,[0.00249042 0.         0.0020641  ... 0.02182245 0.         0.        ]
265,jurassic-world/0002/010.jpg,26,[0.         0.         0.31845865 ... 0.20102346 0.         0.        ]
266,jurassic-world/0002/011.jpg,26,[0.         0.         0.01061718 ... 0.06082185 0.05335918 0.        ]
267,jurassic-world/0002/012.jpg,26,[0.         0.         0.         ... 0.15456781 0.         0.        ]
268,marvel/0014/001.jpg,27,[0.07206723 0.03666025 0.04566516 ... 0.46702996 0.         0.        ]
269,marvel/0014/002.jpg,27,[0.         0.03835865 0.         ... 0.08645998 0.10731889 0.        ]
270,marvel/0014/003.jpg,27,[0.         0.         0.         ... 0.01673066 0.42029557 0.        ]
271,marvel/0014/004.jpg,27,[0.         0.15397862 0.         ... 0.7847857  1.1327001  0.3456926 ]
272,marvel/0014/005.jpg,27,[0.00513734 0.01135166 0.         ... 0.17176285 0.03597359 1.0986164 ]
273,marvel/0014/006.jpg,27,[0.         0.01965132 0.         ... 0.         0.03543378 0.        ]
274,marvel/0014/007.jpg,27,[0.00104008 0.16818549 0.01461154 ... 0.8409134  0.01947063 0.        ]
275,marvel/0014/008.jpg,27,[0.         0.         0.00415915 ... 0.         0.09719283 0.        ]
276,marvel/0014/009.jpg,27,[0.1110022  0.         0.02703723 ... 0.15761164 0.         0.        ]
277,marvel/0014/010.jpg,27,[0.00453621 0.         0.         ... 0.00179283 0.06304543 0.        ]
278,marvel/0015/001.jpg,28,[0.43705988 0.         0.07997065 ... 0.31854144 0.         0.        ]
279,marvel/0015/002.jpg,28,[0.23266907 0.         0.         ... 0.08854485 0.47827137 0.        ]
280,marvel/0015/003.jpg,28,[0.505611   0.00477734 0.         ... 0.07148469 0.         0.        ]
281,marvel/0015/004.jpg,28,[0.2964944  0.         0.07947694 ... 0.5560013  0.01713474 0.03427994]
282,marvel/0015/005.jpg,28,[0.4160861  0.         0.         ... 0.33542082 0.         0.        ]
283,marvel/0015/006.jpg,28,[0.13823883 0.         0.         ... 0.08549538 0.24634738 0.        ]
284,marvel/0015/007.jpg,28,[0.42532885 0.01504594 0.         ... 1.0449567  0.         0.        ]
285,marvel/0015/008.jpg,28,[0.23023617 0.         0.         ... 0.8004409  0.         0.        ]
286,marvel/0015/009.jpg,28,[0.01795346 0.         0.01637305 ... 0.37550148 0.         0.        ]
287,marvel/0015/010.jpg,28,[0.02340945 0.02051517 0.00668872 ... 0.08907624 0.         0.        ]
288,marvel/0016/001.jpg,29,[0.00693788 0.40855098 0.         ... 0.43073872 0.         0.        ]
289,marvel/0016/002.jpg,29,[0.         0.01392098 0.         ... 0.04229768 0.14627223 0.01428729]
290,marvel/0016/003.jpg,29,[0.00479861 0.01329241 0.         ... 0.57658356 0.14811581 0.        ]
291,marvel/0016/004.jpg,29,[0.43475202 0.02403837 0.01656367 ... 0.9198481  0.         0.        ]
292,marvel/0016/005.jpg,29,[0.         0.11056542 0.         ... 0.8405531  0.00935667 0.        ]
293,marvel/0016/006.jpg,29,[0.02466027 0.22449054 0.         ... 0.0219477  0.         0.        ]
294,marvel/0016/007.jpg,29,[0.10844018 0.7036624  0.01927338 ... 0.09130741 0.         0.        ]
295,marvel/0016/008.jpg,29,[0.00919543 0.01785714 0.         ... 0.         0.         0.        ]
296,marvel/0016/009.jpg,29,[0.07743464 0.78004736 0.02384458 ... 0.09834753 0.         0.        ]
297,marvel/0016/010.jpg,29,[0.00298444 0.25616038 0.06901042 ... 0.03466675 0.         0.        ]
298,marvel/0017/001.jpg,30,[0.         0.         0.11843901 ... 0.29409605 0.         0.        ]
299,marvel/0017/002.jpg,30,[0.         0.01165069 0.07303588 ... 0.         0.         0.        ]
300,marvel/0017/003.jpg,30,[0.00071727 0.04320466 0.         ... 0.         0.24312837 0.        ]
301,marvel/0017/004.jpg,30,[0.         0.02044163 0.07740523 ... 0.16453958 0.01012857 0.00122586]
302,marvel/0017/005.jpg,30,[0.00464614 0.02406315 0.01601063 ... 0.02964919 0.10356981 0.55076426]
303,marvel/0017/006.jpg,30,[0.0122895  0.         0.         ... 0.         0.02110668 0.5974727 ]
304,marvel/0017/007.jpg,30,[0.02637796 0.         0.1519581  ... 0.2679497  0.         0.        ]
305,marvel/0017/008.jpg,30,[0.16363849 0.10447444 0.         ... 0.         0.01323414 0.        ]
306,marvel/0017/009.jpg,30,[0.01526527 0.01448312 0.         ... 0.         0.00584032 0.        ]
307,marvel/0017/010.jpg,30,[0.04229113 0.0864113  0.03947804 ... 0.         0.4133012  0.        ]
308,star-wars/0011/001.jpg,31,[0.1052638  0.00863431 0.         ... 0.19235447 0.         0.        ]
309,star-wars/0011/002.jpg,31,[0.04420191 0.         0.         ... 0.03853561 0.         0.        ]
310,star-wars/0011/003.jpg,31,[0.         0.3239052  0.         ... 0.45218682 0.5397198  0.02116965]
311,star-wars/0011/004.jpg,31,[0.41560683 0.18555424 0.         ... 0.35346717 0.         0.        ]
312,star-wars/0011/005.jpg,31,[0.         0.08993834 0.         ... 0.5225725  0.03954486 0.        ]
313,star-wars/0011/006.jpg,31,[0.03666415 0.10305507 0.28499404 ... 0.39933434 0.00333752 0.        ]
314,star-wars/0011/007.jpg,31,[0.         0.         0.05409416 ... 1.2229995  0.00358714 0.00258717]
315,star-wars/0011/008.jpg,31,[0.01287022 0.         0.         ... 0.07938108 0.07835075 0.        ]
316,star-wars/0012/001.jpg,32,[0.         0.         0.         ... 0.         0.23507711 0.        ]
317,star-wars/0012/002.jpg,32,[0.         0.1492101  0.5812698  ... 0.343936   0.10123429 0.        ]
318,star-wars/0012/003.jpg,32,"[0.0000000e+00 2.0572117e-04 2.6753783e-01 ... 4.6829486e-01 0.0000000e+00
 3.5277288e-03]"
319,star-wars/0012/004.jpg,32,[0.         0.         0.13650328 ... 0.214792   0.         0.        ]
320,star-wars/0012/005.jpg,32,"[8.72855708e-02 3.34934302e-04 2.89799482e-01 ... 1.03678584e-01
 3.89392942e-01 1.24737777e-01]"
321,star-wars/0012/006.jpg,32,[0.         0.         0.01234971 ... 0.06575517 0.33030117 0.        ]
322,star-wars/0012/007.jpg,32,[0.01822397 0.03009245 0.05190809 ... 0.28476998 0.01216834 0.04042314]
323,star-wars/0012/008.jpg,32,[0.         0.03817973 0.27684635 ... 0.5192124  0.24144071 0.06042569]
324,star-wars/0013/001.jpg,33,[0.         0.01000461 0.         ... 0.05696598 2.3524458  0.        ]
325,star-wars/0013/002.jpg,33,[0.         0.09857302 0.06643272 ... 0.01226209 1.3388163  0.03097475]
326,star-wars/0013/003.jpg,33,[0.13810824 0.         0.09872897 ... 0.00561905 0.01024196 0.0144559 ]
327,star-wars/0013/004.jpg,33,[0.         0.00710178 0.09676397 ... 0.09242693 0.05952083 0.        ]
328,star-wars/0013/005.jpg,33,[0.44986543 0.         0.         ... 0.15884925 0.         0.        ]
329,star-wars/0013/006.jpg,33,[0.02785065 0.         0.         ... 0.30161262 0.29509592 0.00090548]
330,star-wars/0013/007.jpg,33,[0.10142448 0.         0.         ... 0.15937322 0.05504391 0.        ]
331,star-wars/0013/008.jpg,33,[0.         0.         0.0477242  ... 0.25945252 0.65403104 0.72824   ]
332,star-wars/0013/009.jpg,33,[0.2750466  0.01352271 0.05847519 ... 0.09050668 2.4570158  0.03488191]
333,star-wars/0014/001.jpg,34,[0.12624277 0.0478952  0.0650057  ... 0.44297025 0.03496347 0.        ]
334,star-wars/0014/002.jpg,34,[0.         0.         0.41200235 ... 0.73527884 0.61548036 0.        ]
335,star-wars/0014/003.jpg,34,[0.26669487 0.03166942 0.06234605 ... 1.4458233  0.04904148 0.11186004]
336,star-wars/0014/004.jpg,34,[0.0688156  0.11005434 0.23737727 ... 0.8488055  1.2992743  0.0897377 ]
337,star-wars/0014/005.jpg,34,[0.1893173  0.17848435 0.10502581 ... 1.4263067  0.2842362  0.06321574]
338,star-wars/0014/006.jpg,34,[0.01469252 0.04271908 0.06223571 ... 0.9594598  0.7398591  0.1963543 ]
339,star-wars/0014/007.jpg,34,[0.         0.03126162 0.         ... 0.6496429  1.5991167  0.        ]
340,star-wars/0014/008.jpg,34,[0.         0.03895853 0.01553985 ... 0.3601428  1.3886538  0.        ]
341,star-wars/0014/009.jpg,34,[0.10294599 0.         0.         ... 0.09738957 0.93278754 0.10528607]
342,star-wars/0015/001.jpg,35,[0.         0.03039076 0.         ... 0.00337449 0.00367496 0.0291816 ]
343,star-wars/0015/002.jpg,35,[0.07349389 0.00840689 0.         ... 0.05393192 0.05444522 0.0075095 ]
344,star-wars/0015/003.jpg,35,[0.         0.00599398 0.12103822 ... 0.4458981  0.22609755 0.        ]
345,star-wars/0015/004.jpg,35,[0.00877294 0.         0.07239984 ... 0.1458118  0.7816197  0.2914742 ]
346,star-wars/0015/005.jpg,35,[0.07483186 0.         0.02775655 ... 1.2575828  1.0636653  0.07772054]
347,star-wars/0015/006.jpg,35,[0.         0.10952169 0.         ... 0.23522529 0.0622548  0.77206314]
348,star-wars/0015/007.jpg,35,[0.5052638  0.         0.         ... 0.07610112 0.1330798  0.06874795]
349,star-wars/0015/008.jpg,35,"[9.52904299e-02 1.19637296e-01 0.00000000e+00 ... 3.89048338e-01
 5.37712932e-01 4.05374827e-04]"
350,star-wars/0015/009.jpg,35,[0.00446628 0.02951168 0.01267787 ... 0.668473   0.33652192 0.        ]
351,star-wars/0015/010.jpg,35,[0.02041904 0.07289451 0.         ... 0.09959478 0.12945968 0.16129176]
352,star-wars/0016/001.jpg,36,[0.         0.         0.07178174 ... 0.01432301 0.03725849 0.9423352 ]
353,star-wars/0016/002.jpg,36,[0.         0.00377468 0.02506089 ... 0.         1.6931324  0.        ]
354,star-wars/0016/003.jpg,36,[0.09640948 0.         0.00169652 ... 0.28789014 0.21667403 0.        ]
355,star-wars/0016/004.jpg,36,[0.         0.         0.08223575 ... 0.38037074 0.11703945 0.        ]
356,star-wars/0016/005.jpg,36,[0.00183498 0.         0.05636564 ... 0.36487362 0.3908391  0.03234598]
357,star-wars/0016/006.jpg,36,[0.         0.00986459 0.         ... 0.17909414 0.49897075 0.        ]
358,star-wars/0016/007.jpg,36,[0.11643928 0.         0.         ... 1.0345244  0.28954268 0.        ]
359,star-wars/0016/008.jpg,36,[0.00344036 0.01465208 0.03625658 ... 0.46438926 0.14116889 0.        ]
360,star-wars/0016/009.jpg,36,[0.00608519 0.         0.         ... 0.25763452 0.0073315  0.        ]
361,star-wars/0017/001.jpg,37,[0.00486029 0.3001362  0.         ... 0.342753   1.1694207  0.19161904]
362,star-wars/0017/002.jpg,37,[0.07048061 0.01375634 0.         ... 0.         0.5357949  0.        ]
363,star-wars/0017/003.jpg,37,[0.10127901 0.         0.18433271 ... 0.17141464 2.708303   0.        ]
364,star-wars/0017/004.jpg,37,[0.11464821 0.         0.02797814 ... 0.         0.33512685 0.        ]
365,star-wars/0017/005.jpg,37,[0.07580833 0.         0.01218013 ... 0.00463392 0.         0.        ]
366,star-wars/0017/006.jpg,37,"[8.5365725e-01 0.0000000e+00 0.0000000e+00 ... 1.9456123e-03 2.1720827e+00
 1.1504309e-01]"
367,star-wars/0017/007.jpg,37,[0.31912115 0.04035708 0.08484393 ... 0.00392402 1.0447018  0.0929847 ]
368,star-wars/0017/008.jpg,37,[0.02028659 0.0295147  0.         ... 0.14700519 0.39246735 0.        ]
369,star-wars/0017/009.jpg,37,[0.         0.02021223 0.         ... 0.10467349 0.         0.4054965 ]
370,star-wars/0017/010.jpg,37,[0.         0.         0.00348617 ... 0.10480667 0.27502006 0.857426  ]
